,Change_Perc,Close,Forecast,High_Low_Change,Price_After_Month,Volume
2014-06-12,10.214285714285712,15.43,,2.138690861957227,8.4,8960714.0
2014-06-13,-9.569798068481122,10.3,,13.98058252427184,8.3,1085147.0
2014-06-16,3.481624758220497,10.7,,1.4018691588785082,8.39,464382.0
2014-06-17,-5.607476635514016,10.1,,5.940594059405938,8.5,625965.0
2014-06-18,-0.3996003996003911,9.97,,2.607823470411231,9.0,497839.0
2014-06-19,-2.5974025974025956,9.75,,4.615384615384608,8.53,598165.0
2014-06-20,0.3033367037411462,9.92,,1.1088709677419297,8.77,268254.0
2014-06-23,-3.487276154571152,10.24,,4.394531249999993,8.43,550205.0
2014-06-24,-2.0467836257309853,10.05,,2.0895522388059606,8.63,185123.0
2014-06-25,1.5243902439024426,9.99,,1.801801801801799,8.56,124542.0
2014-06-26,-2.5050100200400798,9.73,,2.5693730729701953,8.8,744320.0
2014-06-27,-1.8461538461538431,9.57,,4.179728317659356,8.81,196423.0
2014-06-30,-4.417670682730936,9.52,,4.621848739495812,8.35,119068.0
2014-07-01,1.1351909184726647,9.8,,0.20408163265305687,8.61,171588.0
2014-07-02,1.435897435897442,9.89,,2.022244691607677,8.54,164403.0
2014-07-03,-0.8080808080808087,9.82,,1.1201629327902183,8.53,76605.0
2014-07-07,6.250000000000003,11.05,,0.5429864253393548,8.46,1747345.0
2014-07-08,0.09319664492078086,10.74,,1.9553072625698238,8.54,454925.0
2014-07-09,0.5524861878453085,10.92,,0.36630036630037477,8.51,362904.0
2014-07-10,2.135922330097076,10.52,,0.7604562737642593,8.86,481169.0
2014-07-11,-3.703703703703694,9.88,,5.263157894736838,9.37,270004.0
2014-07-14,-2.6666666666666643,9.49,,6.638566912539505,10.58,393907.0
2014-07-15,-7.578947368421058,8.78,,9.33940774487472,11.73,675583.0
2014-07-16,-5.681818181818182,8.3,,8.192771084337345,11.67,1025941.0
2014-07-17,0.12254901960784054,8.17,,1.5911872705018457,11.87,272424.0
2014-07-18,-1.2269938650306704,8.05,,2.3602484472049623,11.59,324295.0
2014-07-21,-3.366583541147127,7.75,,4.12903225806452,12.02,493805.0
2014-07-22,7.26114649681529,8.42,,0.0,12.05,378680.0
2014-07-23,1.3017751479290085,8.56,,2.5700934579439116,11.74,169352.0
2014-07-24,-1.4739229024943399,8.69,,1.4959723820483404,10.89,118368.0
2014-07-25,-5.298759864712502,8.4,,5.595238095238082,11.41,128274.0
2014-07-28,-0.5988023952095681,8.3,,3.012048192771084,11.31,98373.0
2014-07-29,0.4790419161676758,8.39,,0.7151370679380061,11.72,189353.0
2014-07-30,0.23584905660376854,8.5,,4.117647058823525,11.45,562772.0
2014-07-31,-5.956112852664579,9.0,,6.6666666666666625,11.18,1080193.0
2014-08-01,-0.1170960187353605,8.53,,5.2754982415006,10.88,264973.0
2014-08-04,1.976744186046511,8.77,,0.912200684150514,11.23,149277.0
2014-08-05,-5.915178571428584,8.43,,6.524317912218276,11.11,238830.0
2014-08-06,1.4101057579318566,8.63,,0.3476245654692857,10.65,729773.0
2014-08-07,-1.2687427912341342,8.56,,2.219626168224293,10.22,136017.0
2014-08-08,1.1494252873563382,8.8,,3.068181818181813,10.16,233960.0
2014-08-11,-0.11337868480725381,8.81,,2.1566401816117993,9.78,174096.0
2014-08-12,-4.571428571428576,8.35,,6.826347305389226,9.99,217831.0
2014-08-13,2.8673835125448055,8.61,,0.5807200929152232,9.9,211904.0
2014-08-14,-1.2716763005780487,8.54,,1.4051522248243677,9.94,187130.0
2014-08-15,-0.9291521486643447,8.53,,1.641266119577967,10.89,425888.0
2014-08-18,0.35587188612100995,8.46,,3.7825059101654666,11.14,217662.0
2014-08-19,0.47058823529410765,8.54,,1.0538641686182861,10.46,350076.0
2014-08-20,1.1890606420927425,8.51,,1.4101057579318566,10.8,324031.0
2014-08-21,3.143189755529681,8.86,,1.5801354401805936,10.6,437657.0
2014-08-22,2.6286966046002016,9.37,,1.1739594450373663,10.99,534007.0
2014-08-25,11.134453781512612,10.58,,1.9848771266540555,10.25,1492970.0
2014-08-26,8.711770157553303,11.73,,1.44927536231884,10.4,2212144.0
2014-08-27,-6.64,11.67,,11.053984575835484,10.4,1723869.0
2014-08-28,4.489436619718308,11.87,,1.68491996630161,9.68,594635.0
2014-08-29,-2.5231286795626637,11.59,,4.918032786885249,9.18,511733.0
2014-09-02,5.069930069930071,12.02,,1.6638935108153168,9.11,584833.0
2014-09-03,-0.41322314049585895,12.05,,4.564315352697086,8.99,526321.0
2014-09-04,-3.37448559670782,11.74,,8.517887563884157,9.38,836410.0
2014-09-05,-7.5551782682512645,10.89,,8.172635445362706,9.48,1289956.0
2014-09-08,6.337371854613232,11.41,,4.557405784399646,9.2,741763.0
2014-09-09,0.8920606601248852,11.31,,3.8903625110521616,9.18,518006.0
2014-09-10,3.625110521662247,11.72,,0.34129692832763775,9.11,349152.0
2014-09-11,-1.5477214101461865,11.45,,2.9694323144104793,9.2,425774.0
2014-09-12,-2.1872265966754156,11.18,,4.651162790697671,9.08,464393.0
2014-09-15,-1.090909090909084,10.88,,1.8382352941176405,8.86,225728.0
2014-09-16,3.406998158379383,11.23,,0.2671415850400655,9.22,372621.0
2014-09-17,-1.594331266607615,11.11,,4.410441044104413,9.41,684349.0
2014-09-18,-4.484304932735426,10.65,,4.694835680751173,9.91,448420.0
2014-09-19,-4.12757973733583,10.22,,6.164383561643826,10.06,712949.0
2014-09-22,0.1972386587771161,10.16,,0.0984251968503916,9.82,429675.0
2014-09-23,-3.455083909180665,9.78,,3.5787321063394826,9.81,373304.0
2014-09-24,1.4213197969543205,9.99,,2.6026026026026003,9.59,234255.0
2014-09-25,-0.9999999999999963,9.9,,2.9292929292929206,9.4,358783.0
2014-09-26,0.1007049345417904,9.94,,1.509054325955738,9.35,292622.0
2014-09-29,10.558375634517777,10.89,,0.5509641873278119,9.66,560516.0
2014-09-30,2.957486136783736,11.14,,3.411131059245951,9.46,2189598.0
2014-10-01,-5.680793507664554,10.46,,6.883365200764807,9.66,542869.0
2014-10-02,2.759276879162711,10.8,,1.0185185185185133,9.69,288077.0
2014-10-03,-2.8414298808432674,10.6,,4.433962264150949,9.7,173361.0
2014-10-06,3.7771482530689364,10.99,,2.91173794358508,9.7,561339.0
2014-10-07,-6.648451730418947,10.25,,7.121951219512199,9.7,835784.0
2014-10-08,1.4634146341463448,10.4,,1.9230769230769162,9.75,549109.0
2014-10-09,0.5802707930367553,10.4,,0.9615384615384581,9.75,164323.0
2014-10-10,-6.1105722599418115,9.68,,7.541322314049591,9.77,550324.0
2014-10-13,-5.263157894736841,9.18,,7.734204793028332,9.56,351235.0
2014-10-14,-2.2532188841201806,9.11,,5.04939626783755,9.58,269644.0
2014-10-15,-0.11111111111110875,8.99,,2.224694104560615,9.51,347816.0
2014-10-16,4.22222222222223,9.38,,0.42643923240937254,9.27,452826.0
2014-10-17,-0.2105263157894692,9.48,,3.691983122362865,8.65,263492.0
2014-10-20,-2.2316684378321026,9.2,,4.021739130434794,8.8,346220.0
2014-10-21,-0.9708737864077656,9.18,,1.851851851851851,8.9,218658.0
2014-10-22,-1.5135135135135198,9.11,,3.4028540065861748,9.08,129094.0
2014-10-23,-0.5405405405405482,9.2,,1.086956521739146,9.35,298464.0
2014-10-24,-1.731601731601733,9.08,,3.524229074889871,8.89,342483.0
2014-10-27,-2.0994475138121684,8.86,,3.047404063205433,8.76,337742.0
2014-10-28,3.9458850056369945,9.22,,0.8676789587852501,8.62,626189.0
2014-10-29,2.282608695652183,9.41,,0.7438894792773676,8.98,516307.0
2014-10-30,-1.8811881188118762,9.91,,6.054490413723508,9.07,1179078.0
2014-10-31,-2.2351797862001814,10.06,,3.2803180914512926,8.64,599047.0
2014-11-03,-1.7999999999999972,9.82,,2.851323828920564,8.62,435678.0
2014-11-04,0.9259259259259245,9.81,,0.7135575942915421,8.63,595496.0
2014-11-05,-2.8368794326241074,9.59,,4.483837330552657,8.73,478068.0
2014-11-06,-2.4896265560165993,9.4,,2.6595744680851063,9.06,348503.0
2014-11-07,-0.5319148936170288,9.35,,3.31550802139038,9.52,705483.0
2014-11-10,2.8753993610223594,9.66,,0.5175983436853075,9.49,246411.0
2014-11-11,-2.4742268041236954,9.46,,3.5940803382663833,9.75,204688.0
2014-11-12,2.765957446808508,9.66,,1.2422360248447124,9.7,234950.0
2014-11-13,0.20682523267838235,9.69,,1.0319917440660438,10.0,403519.0
2014-11-14,0.41407867494823136,9.7,,1.0309278350515612,9.81,195761.0
2014-11-17,-0.3083247687564351,9.7,,1.6494845360824757,9.96,146876.0
2014-11-18,0.10319917440660255,9.7,,1.0309278350515612,9.87,218946.0
2014-11-19,0.20554984583761124,9.75,,0.20512820512820074,9.45,335317.0
2014-11-20,0.8273009307135478,9.75,,1.025641025641022,9.5,519326.0
2014-11-21,-0.3061224489796034,9.77,,0.7164790174002077,9.87,245274.0
2014-11-24,-2.4489795918367365,9.56,,3.13807531380752,9.96,293028.0
2014-11-25,0.31413612565444354,9.58,,2.087682672233813,9.95,333274.0
2014-11-26,-0.4188481675392767,9.51,,1.5772870662460605,9.96,140085.0
2014-11-28,-3.03347280334729,9.27,,3.667745415318229,9.93,203551.0
2014-12-01,-6.788793103448265,8.65,,7.63005780346821,9.96,613814.0
2014-12-02,0.5714285714285796,8.8,,2.045454545454542,9.29,258941.0
2014-12-03,1.482326111744593,8.9,,0.0,9.34,165492.0
2014-12-04,1.679731243001124,9.08,,0.22026431718061204,9.3,210639.0
2014-12-05,2.9735682819383213,9.35,,0.42780748663102597,9.09,155524.0
2014-12-08,-1.2222222222222159,8.89,,5.286839145106848,9.25,250201.0
2014-12-09,-0.454545454545465,8.76,,0.4566210045662206,9.28,412606.0
2014-12-10,-1.5981735159817416,8.62,,2.7842227378190283,9.22,158986.0
2014-12-11,3.218390804597714,8.98,,1.670378619153679,9.04,201961.0
2014-12-12,2.1396396396396336,9.07,,1.984564498346193,8.82,205721.0
2014-12-15,-5.159165751920954,8.64,,6.944444444444439,8.87,203091.0
2014-12-16,0.7009345794392373,8.62,,3.0162412993039625,8.77,376513.0
2014-12-17,0.3488372093023388,8.63,,2.6651216685978985,8.86,600411.0
2014-12-18,0.3448275862069096,8.73,,1.374570446735386,8.88,328845.0
2014-12-19,4.018369690011476,9.06,,4.525386313465785,9.14,761200.0
2014-12-22,4.730473047304727,9.52,,1.0504201680672232,9.41,391509.0
2014-12-23,-0.31512605042016134,9.49,,1.4752370916754538,9.23,228386.0
2014-12-24,2.739726027397258,9.75,,1.538461538461542,9.48,113443.0
2014-12-26,-0.8179959100204507,9.7,,1.7525773195876282,9.38,79525.0
2014-12-29,3.305785123966945,10.0,,0.0,9.25,262109.0
2014-12-30,-0.7085020242915008,9.81,,2.752293577981647,9.74,222987.0
2014-12-31,1.425661914460291,9.96,,1.405622489959827,9.53,277594.0
2015-01-02,-1.3000000000000078,9.87,,1.4184397163120626,9.12,268967.0
2015-01-05,-3.2753326509723673,9.45,,4.550264550264567,8.91,374579.0
2015-01-06,0.9564293304994672,9.5,,0.8421052631578954,8.74,174220.0
2015-01-07,2.9197080291970736,9.87,,0.4052684903748828,8.8,247139.0
2015-01-08,0.8097165991902842,9.96,,1.9076305220883483,8.56,1188732.0
2015-01-09,0.30241935483870325,9.95,,0.8040201005025134,8.6,236961.0
2015-01-12,-0.39999999999999153,9.96,,0.7028112449799047,8.63,479946.0
2015-01-13,1.3265306122448877,9.93,,2.2155085599194426,8.68,426202.0
2015-01-14,1.3224821973550436,9.96,,0.40160642570280264,8.93,238328.0
2015-01-15,-7.007007007007017,9.29,,7.5349838536060405,8.67,449881.0
2015-01-16,0.8639308855291584,9.34,,2.8907922912205524,8.58,311889.0
2015-01-20,-1.6913319238900648,9.3,,3.2258064516128915,8.6,119282.0
2015-01-21,-1.8358531317494593,9.09,,1.980198019801977,8.96,214931.0
2015-01-22,1.4254385964912368,9.25,,0.10810810810810581,8.76,309823.0
2015-01-23,0.21598272138228483,9.28,,0.969827586206895,8.92,191102.0
2015-01-26,-0.3243243243243174,9.22,,0.5422993492407693,8.41,155537.0
2015-01-27,-0.8771929824561412,9.04,,2.765486725663717,8.78,97232.0
2015-01-28,-3.289473684210515,8.82,,3.401360544217675,8.92,267076.0
2015-01-29,2.188940092165893,8.87,,0.4509582863585223,8.74,188721.0
2015-01-30,-0.3409090909091038,8.77,,3.648802736602056,8.79,142450.0
2015-02-02,1.1415525114155212,8.86,,0.45146726862303527,8.87,108676.0
2015-02-03,-0.44843049327353307,8.88,,2.477477477477464,8.89,102656.0
2015-02-04,3.2768361581921006,9.14,,0.8752735229759306,8.8,133027.0
2015-02-05,2.1715526601520008,9.41,,0.3188097768331494,9.0,270794.0
2015-02-06,-1.7039403620873286,9.23,,2.3835319609967374,8.97,103204.0
2015-02-09,1.6077170418006468,9.48,,0.21097046413501658,9.06,147097.0
2015-02-10,-1.2631578947368338,9.38,,2.3454157782515868,8.76,107624.0
2015-02-11,-1.490947816826417,9.25,,1.837837837837837,8.83,106418.0
2015-02-12,3.837953091684428,9.74,,0.5133470225872581,9.08,558722.0
2015-02-13,-1.4477766287487133,9.53,,4.721930745015751,9.18,1116494.0
2015-02-17,-4.302203567681009,9.12,,4.714912280701771,9.26,325722.0
2015-02-18,1.7123287671232919,8.91,,2.24466891133557,9.13,1102143.0
2015-02-19,-0.3420752565564351,8.74,,2.1739130434782554,8.97,266141.0
2015-02-20,0.4566210045662206,8.8,,0.568181818181806,8.87,226323.0
2015-02-23,-0.23310023310022812,8.56,,1.5186915887850352,8.93,243678.0
2015-02-24,0.8206330597889835,8.6,,1.5116279069767533,9.0,154191.0
2015-02-25,0.7001166861143582,8.63,,1.6222479721900207,9.02,257227.0
2015-02-26,1.8779342723004713,8.68,,1.15207373271889,9.29,162176.0
2015-02-27,2.290950744558984,8.93,,0.7838745800671924,9.17,458990.0
2015-03-02,-2.3648648648648742,8.67,,2.6528258362168446,9.0,509587.0
2015-03-03,-0.3484320557491215,8.58,,0.6993006993007052,9.29,180259.0
2015-03-04,0.23310023310022812,8.6,,0.5813953488372177,9.62,294299.0
2015-03-05,4.1860465116279215,8.96,,0.11160714285714046,9.6,517989.0
2015-03-06,-1.5730337078651748,8.76,,2.3972602739726128,9.45,334046.0
2015-03-09,2.0594965675057177,8.92,,0.0,9.57,401786.0
2015-03-10,0.1190476190476165,8.41,,3.5671819262782485,9.5,795242.0
2015-03-11,4.028436018957344,8.78,,1.1389521640091278,7.11,341869.0
2015-03-12,1.478953356086471,8.92,,0.448430493273553,6.98,520638.0
2015-03-13,-2.1276595744680793,8.74,,2.860411899313501,6.14,278536.0
2015-03-16,-0.1136363636363814,8.79,,1.478953356086471,6.12,366818.0
2015-03-17,1.1402508551881374,8.87,,0.4509582863585223,6.0,363392.0
2015-03-18,0.3386004514672815,8.89,,0.1124859392575904,6.02,269361.0
2015-03-19,-0.5649717514124173,8.8,,1.8181818181818195,6.65,337523.0
2015-03-20,1.2373453318335144,9.0,,0.0,6.13,1790950.0
2015-03-23,0.7865168539325874,8.97,,0.7803790412485898,6.18,435016.0
2015-03-24,1.0033444816053494,9.06,,0.8830022075055195,6.11,385965.0
2015-03-25,-3.417861080485121,8.76,,3.8812785388127837,6.0,407818.0
2015-03-26,-1.670378619153679,8.83,,3.057757644394106,5.96,534240.0
2015-03-27,2.483069977426644,9.08,,0.11013215859030602,6.2,515082.0
2015-03-30,0.6578947368421107,9.18,,0.21786492374727207,6.6,200879.0
2015-03-31,1.2021857923497203,9.26,,0.4319654427645888,6.47,290730.0
2015-04-01,-1.297297297297289,9.13,,1.3143483023001008,6.26,568134.0
2015-04-02,-1.967213114754095,8.97,,2.006688963210699,6.31,206652.0
2015-04-06,-0.7829977628635378,8.87,,1.3528748590755468,6.27,273740.0
2015-04-07,0.9039548022598879,8.93,,1.0078387458006703,6.33,206613.0
2015-04-08,0.44642857142856185,9.0,,0.777777777777781,6.14,186671.0
2015-04-09,0.11098779134294992,9.02,,1.8847006651884695,6.08,245565.0
2015-04-10,3.2222222222222126,9.29,,0.645855758880522,6.02,670391.0
2015-04-13,-1.0787486515641818,9.17,,3.1624863685932487,6.01,192688.0
2015-04-14,-2.173913043478253,9.0,,2.6666666666666687,6.05,189332.0
2015-04-15,2.765486725663717,9.29,,0.645855758880522,6.19,340791.0
2015-04-16,3.4408602150537475,9.62,,0.623700623700629,6.02,368465.0
2015-04-17,0.5235602094240727,9.6,,0.5208333333333408,6.03,270521.0
2015-04-20,-2.1739130434782696,9.45,,2.222222222222231,6.04,170055.0
2015-04-21,0.8429926238145424,9.57,,0.3134796238244447,6.05,157388.0
2015-04-22,-0.835073068893529,9.5,,1.6842105263157907,6.06,415643.0
2015-04-23,16.557377049180342,7.11,,5.485232067510544,6.11,6802483.0
2015-04-24,-5.6756756756756745,6.98,,6.303724928366755,5.97,1479020.0
2015-04-27,-11.654676258992813,6.14,,14.16938110749186,5.98,1787406.0
2015-04-28,0.0,6.12,,5.392156862745099,6.39,836933.0
2015-04-29,-1.6393442622950762,6.0,,3.166666666666673,6.03,809595.0
2015-04-30,1.0067114093959666,6.02,,0.49833887043189784,6.17,574262.0
2015-05-01,10.83333333333334,6.65,,0.15037593984962083,6.37,1305454.0
2015-05-04,-7.680722891566262,6.13,,8.319738988580747,6.88,758385.0
2015-05-05,1.4778325123152687,6.18,,0.9708737864077751,6.93,612309.0
2015-05-06,-0.8116883116883088,6.11,,3.1096563011456544,6.68,524119.0
2015-05-07,-1.800327332242231,6.0,,3.4999999999999996,6.58,442108.0
2015-05-08,-1.9736842105263175,5.96,,2.1812080536912735,6.44,287876.0
2015-05-11,3.678929765886283,6.2,,0.6451612903225812,6.47,354661.0
2015-05-12,6.796116504854369,6.6,,1.060606060606065,6.27,739281.0
2015-05-13,-2.2658610271903377,6.47,,2.936630602782077,6.31,376552.0
2015-05-14,-3.98773006134969,6.26,,4.952076677316302,6.13,280860.0
2015-05-15,0.4777070063694166,6.31,,0.7923930269413743,5.83,289988.0
2015-05-18,-0.47619047619048016,6.27,,2.0733652312599804,5.91,268609.0
2015-05-19,1.7684887459807126,6.33,,0.3159557661927263,5.81,269624.0
2015-05-20,-3.4591194968553554,6.14,,3.745928338762222,5.59,335759.0
2015-05-21,1.6722408026755793,6.08,,2.960526315789469,5.7,363121.0
2015-05-22,-0.8237232289950692,6.02,,1.4950166112956937,5.41,281973.0
2015-05-26,0.5016722408026648,6.01,,0.6655574043261238,5.53,349072.0
2015-05-27,1.0016694490817963,6.05,,1.322314049586778,5.46,338148.0
2015-05-28,3.511705685618728,6.19,,0.8077544426494316,5.73,342620.0
2015-05-29,-2.113821138211395,6.02,,2.159468438538219,5.75,275475.0
2015-06-01,-0.16556291390728123,6.03,,0.8291873963515726,5.86,197571.0
2015-06-02,0.4991680532445965,6.04,,1.8211920529801375,5.91,266221.0
2015-06-03,0.8333333333333304,6.05,,0.9917355371900909,6.0,516571.0
2015-06-04,0.33112582781456246,6.06,,0.9900990099009984,5.77,347583.0
2015-06-05,1.8333333333333386,6.11,,0.1636661211129261,5.69,427715.0
2015-06-08,-2.610114192495924,5.97,,2.6800670016750443,5.82,306649.0
2015-06-09,-2.6058631921823983,5.98,,2.675585284280924,5.65,317607.0
2015-06-10,6.3227953410981685,6.39,,0.6259780907668238,5.67,1438830.0
2015-06-11,-3.210272873194224,6.03,,4.1459369817578775,5.47,1183252.0
2015-06-12,2.321724709784406,6.17,,0.16207455429497222,5.49,549073.0
2015-06-15,2.9079159935379595,6.37,,0.0,5.43,703522.0
2015-06-16,8.00627943485086,6.88,,1.453488372093031,5.38,2198026.0
2015-06-17,0.726744186046509,6.93,,2.4531024531024523,5.06,1045643.0
2015-06-18,-4.297994269340984,6.68,,5.688622754491016,5.72,592426.0
2015-06-19,-1.9374068554396409,6.58,,2.12765957446808,5.32,252803.0
2015-06-22,-2.571860816944023,6.44,,3.7267080745341503,5.16,451348.0
2015-06-23,0.1547987616099038,6.47,,1.7001545595054144,5.54,479815.0
2015-06-24,-3.389830508474586,6.27,,5.263157894736844,5.21,329791.0
2015-06-25,0.31796502384737,6.31,,2.060221870047556,4.98,438513.0
2015-06-26,-3.0063291139240564,6.13,,4.078303425774878,4.95,5154269.0
2015-06-29,-4.426229508196715,5.83,,6.346483704974274,4.79,968737.0
2015-06-30,2.7826086956521765,5.91,,0.5076142131979737,4.77,646030.0
2015-07-01,-2.1885521885522015,5.81,,3.614457831325301,4.62,547007.0
2015-07-02,-3.6206896551724133,5.59,,4.47227191413238,4.69,684176.0
2015-07-06,2.8880866425992804,5.7,,0.0,4.51,443142.0
2015-07-07,-4.753521126760556,5.41,,4.990757855822543,4.52,424043.0
2015-07-08,2.7881040892193374,5.53,,0.1808318264014428,4.27,343962.0
2015-07-09,-2.1505376344086042,5.46,,3.663003663003666,4.06,328783.0
2015-07-10,4.371584699453555,5.73,,2.0942408376963213,4.11,458604.0
2015-07-13,0.0,5.75,,0.34782608695651435,3.95,367570.0
2015-07-14,2.4475524475524577,5.86,,0.34129692832763775,3.88,207290.0
2015-07-15,1.3722126929674112,5.91,,0.5076142131979737,3.92,486656.0
2015-07-16,1.5228426395939063,6.0,,0.33333333333332626,4.04,612580.0
2015-07-17,-3.511705685618743,5.77,,4.506065857885627,4.06,389425.0
2015-07-20,-0.8710801393728191,5.69,,0.8787346221441092,4.11,293797.0
2015-07-21,2.2847100175746906,5.82,,1.8900343642611586,3.8,356681.0
2015-07-22,-2.417962003454226,5.65,,2.8318584070796327,3.88,169470.0
2015-07-23,-0.17605633802816525,5.67,,2.8218694885361577,3.86,234634.0
2015-07-24,-3.185840707964612,5.47,,4.7531992687385864,4.0,292878.0
2015-07-27,0.549450549450554,5.49,,1.0928961748633808,3.79,218641.0
2015-07-28,-1.272727272727278,5.43,,2.578268876611429,3.59,222466.0
2015-07-29,-0.9208103130755032,5.38,,1.1152416356877417,3.65,316308.0
2015-07-30,-10.758377425044099,5.06,,14.62450592885376,3.74,1329435.0
2015-07-31,13.492063492063485,5.72,,1.2237762237762289,3.69,847199.0
2015-08-03,-6.172839506172833,5.32,,8.082706766917287,3.69,544246.0
2015-08-04,-1.7142857142857115,5.16,,3.294573643410851,3.81,532285.0
2015-08-05,6.130268199233722,5.54,,3.4296028880866496,3.71,602444.0
2015-08-06,-4.227941176470596,5.21,,5.374280230326301,3.72,505916.0
2015-08-07,0.0,4.98,,2.4096385542168517,3.57,749210.0
2015-08-10,-1.3944223107569602,4.95,,3.6363636363636305,3.45,599512.0
2015-08-11,-2.6422764227642253,4.79,,4.384133611691022,3.39,491798.0
2015-08-12,-0.2092050209205162,4.77,,0.4192872117400517,3.39,696911.0
2015-08-13,-2.941176470588229,4.62,,3.89610389610389,3.19,405898.0
2015-08-14,2.1786492374727784,4.69,,0.6396588486140588,3.18,229394.0
2015-08-17,-0.6607929515418557,4.51,,2.660753880266078,2.83,792294.0
2015-08-18,-0.4405286343612437,4.52,,1.3274336283185952,3.1,682070.0
2015-08-19,-4.260089686098664,4.27,,6.088992974238892,3.05,1391099.0
2015-08-20,-3.7914691943128,4.06,,9.113300492610842,3.21,1714236.0
2015-08-21,5.1150895140665,4.11,,1.7031630170316152,3.48,1236194.0
2015-08-24,1.0230179028133002,3.95,,3.5443037974683462,3.51,680677.0
2015-08-25,-4.433497536945806,3.88,,4.639175257731951,3.77,559279.0
2015-08-26,-0.2544529262086573,3.92,,0.765306122448986,3.79,450349.0
2015-08-27,2.53807106598985,4.04,,0.24752475247524225,3.83,416860.0
2015-08-28,0.9950248756218916,4.06,,1.9704433497536966,3.72,360021.0
2015-08-31,0.7352941176470649,4.11,,1.4598540145985306,3.7,218379.0
2015-09-01,-5.940594059405946,3.8,,9.473684210526324,3.72,473264.0
2015-09-02,0.5181347150259072,3.88,,2.319587628865987,3.86,264908.0
2015-09-03,-1.2787723785166307,3.86,,2.5906735751295358,3.87,427447.0
2015-09-04,5.263157894736848,4.0,,2.0000000000000018,3.99,491088.0
2015-09-08,-5.7213930348258595,3.79,,7.651715039577837,3.89,577654.0
2015-09-09,-3.234501347708898,3.59,,4.1782729805014025,3.85,913600.0
2015-09-10,1.388888888888884,3.65,,1.3698630136986376,3.92,339667.0
2015-09-11,3.314917127071826,3.74,,0.2673796791443793,3.96,358640.0
2015-09-14,-1.3368983957219323,3.69,,2.439024390243899,3.77,207634.0
2015-09-15,-0.539083557951483,3.69,,4.336043360433608,3.75,281853.0
2015-09-16,3.5326086956521707,3.81,,3.6745406824147016,3.97,272767.0
2015-09-17,-1.8518518518518476,3.71,,5.929919137466313,3.95,413837.0
2015-09-18,2.4793388429752152,3.72,,4.032258064516126,3.86,1335054.0
2015-09-21,-4.800000000000004,3.57,,5.322128851540615,4.12,386091.0
2015-09-22,-2.542372881355928,3.45,,2.6086956521739086,4.15,814885.0
2015-09-23,-2.3054755043227684,3.39,,2.359882005899707,4.19,451664.0
2015-09-24,0.2958579881656873,3.39,,0.5899705014749268,4.1,242183.0
2015-09-25,-6.176470588235293,3.19,,7.523510971786841,4.49,357489.0
2015-09-28,0.6329113924050638,3.18,,2.201257861635215,4.39,539103.0
2015-09-29,-12.383900928792567,2.83,,14.840989399293283,4.24,770862.0
2015-09-30,8.771929824561402,3.1,,3.2258064516129057,4.13,796808.0
2015-10-01,-1.9292604501607735,3.05,,1.9672131147541003,4.01,788830.0
2015-10-02,5.940594059405947,3.21,,0.9345794392523442,3.92,347414.0
2015-10-05,8.41121495327103,3.48,,0.0,4.03,554519.0
2015-10-06,1.7391304347825973,3.51,,1.7094017094017109,3.92,273806.0
2015-10-07,7.407407407407414,3.77,,0.0,4.09,616105.0
2015-10-08,1.0666666666666678,3.79,,0.26385224274405766,4.16,428631.0
2015-10-09,1.32275132275133,3.83,,0.0,4.09,542174.0
2015-10-12,-1.3262599469495973,3.72,,1.3440860215053716,4.04,368467.0
2015-10-13,0.0,3.7,,2.4324324324324285,4.29,348194.0
2015-10-14,1.6393442622950833,3.72,,1.0752688172042901,4.28,291464.0
2015-10-15,4.607046070460703,3.86,,1.8134715025906811,4.2,250380.0
2015-10-16,0.0,3.87,,1.2919896640826827,4.34,223915.0
2015-10-19,4.177545691906008,3.99,,1.253132832080196,4.22,349370.0
2015-10-20,-2.506265664160403,3.89,,2.8277634961439557,4.14,289734.0
2015-10-21,-1.2820512820512775,3.85,,2.857142857142854,4.12,234698.0
2015-10-22,1.818181818181814,3.92,,1.785714285714293,4.12,295724.0
2015-10-23,-0.5025125628140708,3.96,,1.262626262626258,4.0,199875.0
2015-10-26,-4.314720812182739,3.77,,4.509283819628646,4.05,299383.0
2015-10-27,-0.26595744680850497,3.75,,4.800000000000004,3.99,455994.0
2015-10-28,5.585106382978735,3.97,,0.7556675062972242,3.97,405520.0
2015-10-29,0.5089058524173032,3.95,,3.0379746835443067,3.8,327061.0
2015-10-30,-2.5252525252525277,3.86,,9.844559585492236,3.7,1189583.0
2015-11-02,6.735751295336794,4.12,,0.0,3.84,427357.0
2015-11-03,3.2338308457711644,4.15,,0.7228915662650447,3.91,428050.0
2015-11-04,0.4796163069544475,4.19,,1.9093078758949684,3.85,428698.0
2015-11-05,-2.380952380952394,4.1,,2.4390243902439157,3.92,200075.0
2015-11-06,10.04901960784314,4.49,,0.0,3.89,455027.0
2015-11-09,-1.7897091722595095,4.39,,6.150341685649214,3.92,350129.0
2015-11-10,-2.9748283752860387,4.24,,3.7735849056603805,3.9,106953.0
2015-11-11,-2.36406619385344,4.13,,6.537530266343837,3.9,244532.0
2015-11-12,-2.195121951219509,4.01,,4.23940149625935,3.75,169397.0
2015-11-13,-1.5075376884422125,3.92,,3.826530612244907,3.62,355294.0
2015-11-16,5.774278215223102,4.03,,1.985111662531019,3.6,230444.0
2015-11-17,-1.010101010101011,3.92,,3.061224489795921,3.61,174547.0
2015-11-18,3.5443037974683462,4.09,,0.4889975550122362,3.68,164379.0
2015-11-19,2.4630541871921316,4.16,,0.7211538461538521,3.66,205918.0
2015-11-20,-2.3866348448687473,4.09,,2.4449877750611377,3.79,223209.0
2015-11-23,-0.49261083743841316,4.04,,4.7029702970297125,3.83,288987.0
2015-11-24,6.982543640897762,4.29,,0.46620046620045624,3.77,170687.0
2015-11-25,0.4694835680751282,4.28,,2.803738317757012,3.8,138577.0
2015-11-27,-0.9433962264150951,4.2,,1.666666666666652,3.85,72808.0
2015-11-30,5.596107055961059,4.34,,1.8433179723502322,3.67,287130.0
2015-12-01,1.932367149758456,4.22,,4.028436018957344,3.87,169968.0
2015-12-02,-0.956937799043063,4.14,,2.657004830917882,3.72,110571.0
2015-12-03,-0.7228915662650661,4.12,,1.699029126213599,3.64,214127.0
2015-12-04,0.0,4.12,,0.9708737864077678,3.61,198262.0
2015-12-07,-2.200488997555009,4.0,,3.0000000000000027,3.68,230632.0
2015-12-08,3.053435114503808,4.05,,2.2222222222222188,3.68,267185.0
2015-12-09,-0.7462686567164021,3.99,,3.2581453634085182,3.57,259685.0
2015-12-10,-0.2512562814070298,3.97,,1.7632241813601974,3.56,1150784.0
2015-12-11,2.150537634408592,3.8,,5.000000000000011,3.5,254349.0
2015-12-14,-2.8871391076115454,3.7,,3.783783783783775,3.48,250795.0
2015-12-15,2.3999999999999964,3.84,,0.5208333333333338,3.69,186561.0
2015-12-16,1.0335917312661507,3.91,,1.0230179028133002,3.64,196342.0
2015-12-17,-2.531645569620255,3.85,,3.63636363636364,3.5,200316.0
2015-12-18,1.818181818181814,3.92,,1.5306122448979604,3.3,555135.0
2015-12-21,-1.0178117048346065,3.89,,1.2853470437017949,3.5,190226.0
2015-12-22,0.5128205128205132,3.92,,1.020408163265307,3.6,191751.0
2015-12-23,-1.2658227848101333,3.9,,1.5384615384615399,3.6,314887.0
2015-12-24,-0.7633587786259605,3.9,,1.0256410256410264,3.39,67297.0
2015-12-28,-2.5974025974025996,3.75,,3.9999999999999973,3.09,504884.0
2015-12-29,-4.232804232804225,3.62,,4.972375690607727,3.12,771797.0
2015-12-30,-0.8264462809917302,3.6,,2.77777777777778,3.19,764029.0
2015-12-31,0.837988826815637,3.61,,2.2160664819944618,3.15,531656.0
2016-01-04,3.3707865168539355,3.68,,0.27173913043477677,3.3,408809.0
2016-01-05,-0.8130081300812955,3.66,,0.8196721311475357,3.31,296196.0
2016-01-06,3.835616438356168,3.79,,4.4854881266490745,3.4,305819.0
2016-01-07,3.794037940379407,3.83,,1.5665796344647531,3.41,660426.0
2016-01-08,-2.583979328165377,3.77,,5.570291777188328,3.29,378485.0
2016-01-11,0.5291005291005296,3.8,,1.578947368421054,3.31,225976.0
2016-01-12,1.3157894736842175,3.85,,3.3766233766233738,3.34,242183.0
2016-01-13,-3.9267015706806263,3.67,,8.174386920980933,3.33,261642.0
2016-01-14,4.594594594594593,3.87,,0.7751937984496073,3.37,263653.0
2016-01-15,-0.7999999999999948,3.72,,2.150537634408592,3.61,155378.0
2016-01-19,-4.461942257217846,3.64,,4.670329670329668,3.94,290553.0
2016-01-20,0.5571030640668528,3.61,,2.493074792243776,3.93,270137.0
2016-01-21,1.3774104683195665,3.68,,4.891304347826079,3.98,224356.0
2016-01-22,-2.1276595744680753,3.68,,5.434782608695644,4.04,329472.0
2016-01-25,-2.9891304347826173,3.57,,4.7619047619047725,4.07,145552.0
2016-01-26,-1.657458563535913,3.56,,3.089887640449435,4.01,121046.0
2016-01-27,-1.6853932584269677,3.5,,4.857142857142855,4.06,103527.0
2016-01-28,-2.521008403361341,3.48,,5.172413793103453,4.09,111292.0
2016-01-29,5.128205128205133,3.69,,0.8130081300813075,4.14,153249.0
2016-02-01,-1.3550135501354965,3.64,,3.0219780219780183,3.98,200394.0
2016-02-02,-3.314917127071826,3.5,,6.285714285714292,4.09,208768.0
2016-02-03,-6.515580736543909,3.3,,8.181818181818183,4.14,363228.0
2016-02-04,5.421686746987957,3.5,,1.4285714285714235,4.26,201500.0
2016-02-05,2.564102564102573,3.6,,2.77777777777778,4.25,295587.0
2016-02-08,3.448275862068969,3.6,,0.555555555555556,4.23,276196.0
2016-02-09,-4.507042253521119,3.39,,6.194690265486724,4.07,244708.0
2016-02-10,-9.912536443148696,3.09,,13.592233009708737,4.21,218842.0
2016-02-11,2.2950819672131244,3.12,,2.5641025641025665,4.23,165390.0
2016-02-12,0.6309148264984233,3.19,,3.448275862068962,4.35,175933.0
2016-02-16,3.2786885245901667,3.15,,4.126984126984123,4.38,448945.0
2016-02-17,4.761904761904759,3.3,,0.6060606060606066,4.52,276850.0
2016-02-18,1.5337423312883518,3.31,,3.021148036253779,4.5,156385.0
2016-02-19,3.030303030303033,3.4,,1.176470588235295,4.5,122272.0
2016-02-22,-1.7291066282420764,3.41,,2.63929618768328,4.43,113306.0
2016-02-23,-4.081632653061227,3.29,,5.167173252279634,4.6,270981.0
2016-02-24,1.8461538461538478,3.31,,2.4169184290030232,4.59,257301.0
2016-02-25,0.30030030030029387,3.34,,1.4970059880239601,4.52,566654.0
2016-02-26,-0.29940119760478406,3.33,,5.105105105105103,4.54,403921.0
2016-02-29,0.8982035928143787,3.37,,2.9673590504451064,4.56,410134.0
2016-03-01,5.86510263929618,3.61,,0.5540166204986154,4.61,451393.0
2016-03-02,8.539944903581269,3.94,,1.0152284263959401,4.57,1050517.0
2016-03-03,7.084468664850142,3.93,,1.2722646310432524,4.59,798785.0
2016-03-04,1.2722646310432524,3.98,,1.758793969849242,4.62,375289.0
2016-03-07,2.7989821882951618,4.04,,2.2277227722772244,4.55,329858.0
2016-03-08,-0.9732360097323608,4.07,,2.948402948402951,4.57,368841.0
2016-03-09,-1.2315270935960547,4.01,,3.2418952618453836,4.55,261416.0
2016-03-10,1.4999999999999902,4.06,,0.9852216748768483,4.54,234684.0
2016-03-11,0.7389162561576417,4.09,,0.9779951100244507,4.48,172374.0
2016-03-14,2.2222222222222188,4.14,,3.6231884057971104,4.44,229395.0
2016-03-15,-3.1630170316301784,3.98,,5.025125628140697,4.35,246826.0
2016-03-16,2.763819095477384,4.09,,2.200488997555009,4.26,158935.0
2016-03-17,-0.24096385542170298,4.14,,1.6908212560386544,3.83,197719.0
2016-03-18,1.913875598086126,4.26,,1.8779342723004713,3.74,354263.0
2016-03-21,-0.468384074941442,4.25,,2.35294117647058,3.4,156695.0
2016-03-22,0.4750593824228138,4.23,,2.1276595744680815,3.25,148973.0
2016-03-23,-3.0952380952380927,4.07,,8.353808353808349,3.12,159044.0
2016-03-24,4.466501240694782,4.21,,1.4251781472683993,3.18,153877.0
2016-03-28,-0.47058823529410765,4.23,,0.7092198581560132,3.16,136804.0
2016-03-29,3.3254156769596124,4.35,,1.3793103448275978,3.19,179662.0
2016-03-30,0.6896551724137989,4.38,,2.5114155251141628,3.12,180900.0
2016-03-31,2.7272727272727093,4.52,,0.6637168141592976,3.08,634334.0
2016-04-01,0.44642857142856185,4.5,,1.3333333333333246,3.05,247245.0
2016-04-04,0.671140939597321,4.5,,3.999999999999994,3.1,167111.0
2016-04-05,-2.2075055187638086,4.43,,2.934537246049659,2.99,168684.0
2016-04-06,3.370786516853921,4.6,,1.521739130434789,3.06,166072.0
2016-04-07,-0.21739130434782145,4.59,,0.21786492374727207,2.98,111862.0
2016-04-08,-1.7391304347826104,4.52,,3.7610619469026734,2.98,133172.0
2016-04-11,-0.4385964912280609,4.54,,3.9647577092510953,2.83,129775.0
2016-04-12,0.6622516556291249,4.56,,1.9736842105263324,2.96,125917.0
2016-04-13,2.9017857142857117,4.61,,1.7353579175705003,2.96,219160.0
2016-04-14,-1.720430107526883,4.57,,1.7505470459518613,2.94,212949.0
2016-04-15,1.1013215859030798,4.59,,0.21786492374727207,2.96,243102.0
2016-04-18,1.7621145374449354,4.62,,3.463203463203466,3.3,231931.0
2016-04-19,-1.7278617710583168,4.55,,2.4175824175824245,3.3,131902.0
2016-04-20,0.4395604395604497,4.57,,0.8752735229759306,3.29,163586.0
2016-04-21,-0.21929824561403044,4.55,,1.3186813186813295,3.42,116877.0
2016-04-22,0.22075055187637496,4.54,,1.1013215859030798,3.4,151966.0
2016-04-25,-1.3215859030836918,4.48,,2.008928571428568,3.29,182070.0
2016-04-26,-1.5521064301551974,4.44,,2.702702702702685,3.3,153843.0
2016-04-27,-1.8058690744921009,4.35,,4.367816091954032,3.19,327571.0
2016-04-28,-2.0689655172413763,4.26,,4.460093896713625,3.05,551206.0
2016-04-29,-3.0379746835443067,3.83,,3.394255874673626,3.28,1062852.0
2016-05-02,-0.795755968169756,3.74,,1.3368983957219203,3.21,192481.0
2016-05-03,-6.336088154269973,3.4,,11.176470588235292,3.23,278500.0
2016-05-04,-2.6946107784431095,3.25,,3.9999999999999964,3.24,588502.0
2016-05-05,-2.194357366771155,3.12,,5.448717948717946,3.16,283183.0
2016-05-06,1.9230769230769247,3.18,,0.6289308176100634,3.22,388643.0
2016-05-09,0.31746031746032477,3.16,,1.5822784810126524,3.16,189505.0
2016-05-10,0.0,3.19,,0.6269592476489034,3.04,119548.0
2016-05-11,-1.2658227848101276,3.12,,3.2051282051282075,3.24,118723.0
2016-05-12,-0.6451612903225812,3.08,,3.8961038961038996,3.09,113229.0
2016-05-13,-0.9740259740259821,3.05,,3.606557377049191,2.89,79964.0
2016-05-16,0.6493506493506499,3.1,,0.9677419354838646,3.01,79273.0
2016-05-17,-3.5483870967741895,2.99,,4.013377926421393,3.04,312959.0
2016-05-18,2.341137123745814,3.06,,1.6339869281045694,3.05,129331.0
2016-05-19,-2.2950819672131098,2.98,,4.026845637583897,3.09,121928.0
2016-05-20,-0.6666666666666672,2.98,,2.3489932885905986,3.04,186182.0
2016-05-23,-4.713804713804718,2.83,,6.007067137809185,3.16,696800.0
2016-05-24,4.964539007092203,2.96,,1.3513513513513526,3.13,229704.0
2016-05-25,-1.0033444816053594,2.96,,3.7162162162162122,3.3,166329.0
2016-05-26,-0.33898305084746544,2.94,,4.42176870748299,3.28,171366.0
2016-05-27,1.0238907849829284,2.96,,2.7027027027027053,3.31,266892.0
2016-05-31,10.73825503355704,3.3,,3.63636363636364,3.24,566880.0
2016-06-01,0.6097560975609762,3.3,,1.2121212121212133,3.3,286420.0
2016-06-02,-0.9036144578313196,3.29,,0.9118541033434591,3.26,212115.0
2016-06-03,3.9513677811550116,3.42,,0.2923976608187202,3.24,191684.0
2016-06-06,0.0,3.4,,0.8823529411764779,3.41,166064.0
2016-06-07,-3.235294117647055,3.29,,4.559270516717322,3.35,102338.0
2016-06-08,0.30395136778114856,3.3,,2.7272727272727364,3.18,132644.0
2016-06-09,-3.625377643504535,3.19,,4.075235109717865,3.3,117743.0
2016-06-10,-3.78548895899054,3.05,,4.918032786885258,3.24,123679.0
2016-06-13,7.894736842105256,3.28,,3.658536585365857,3.21,277770.0
2016-06-14,-1.8348623853211024,3.21,,5.295950155763237,3.23,70954.0
2016-06-15,0.6230529595015583,3.23,,5.572755417956661,3.19,136647.0
2016-06-16,0.9345794392523442,3.24,,3.703703703703693,3.41,69081.0
2016-06-17,-2.7692307692307647,3.16,,5.063291139240497,3.4,228979.0
2016-06-20,0.0,3.22,,2.4844720496894293,3.4,96273.0
2016-06-21,-1.5576323987538885,3.16,,3.164556962025305,3.45,54092.0
2016-06-22,-3.7974683544303827,3.04,,6.5789473684210575,3.45,115858.0
2016-06-23,4.854368932038847,3.24,,0.9259259259259198,3.51,83921.0
2016-06-24,0.0,3.09,,3.559870550161823,3.62,743817.0
2016-06-27,-5.555555555555554,2.89,,9.342560553633218,3.45,223838.0
2016-06-28,1.689189189189183,3.01,,1.6611295681063212,3.38,131328.0
2016-06-29,0.3300330033003377,3.04,,3.6184210526315748,3.34,180582.0
2016-06-30,0.0,3.05,,1.6393442622950907,3.34,92011.0
2016-07-01,1.644736842105257,3.09,,0.0,3.26,118485.0
2016-07-05,-1.6181229773462726,3.04,,1.9736842105263175,3.13,87277.0
2016-07-06,3.606557377049191,3.16,,2.2151898734177164,3.12,286233.0
2016-07-07,-0.6349206349206356,3.13,,5.431309904153352,3.08,139758.0
2016-07-08,1.538461538461533,3.3,,0.6060606060606066,3.08,265685.0
2016-07-11,-0.9063444108761405,3.28,,3.353658536585376,3.07,159961.0
2016-07-12,0.6079027355623106,3.31,,1.5105740181268827,3.0,135296.0
2016-07-13,-2.9940119760478936,3.24,,3.3950617283950573,3.02,74540.0
2016-07-14,1.2269938650306762,3.3,,1.5151515151515234,3.02,156450.0
2016-07-15,3.492063492063488,3.26,,0.3067484662576758,3.04,286183.0
2016-07-18,-1.2195121951219388,3.24,,1.2345679012345552,3.05,110321.0
2016-07-19,5.90062111801242,3.41,,2.9325513196480832,3.12,540397.0
2016-07-20,-2.0467836257309897,3.35,,2.3880597014925393,3.01,124700.0
2016-07-21,-3.927492447129906,3.18,,8.805031446540875,3.01,214120.0
2016-07-22,3.124999999999989,3.3,,3.9393939393939497,2.99,147611.0
2016-07-25,-1.5197568389057698,3.24,,2.469135802469124,3.02,114068.0
2016-07-26,-0.31055900621118726,3.21,,0.6230529595015583,3.0,119457.0
2016-07-27,1.2539184952978069,3.23,,1.2383900928792582,2.96,407613.0
2016-07-28,-1.2383900928792582,3.19,,5.9561128526645755,2.9,193881.0
2016-07-29,-1.445086705202307,3.41,,2.63929618768328,2.95,298047.0
2016-08-01,0.29498525073745685,3.4,,1.176470588235295,2.83,118119.0
2016-08-02,0.5917159763313614,3.4,,2.058823529411773,2.73,112680.0
2016-08-03,2.373887240356085,3.45,,0.2898550724637619,2.72,142226.0
2016-08-04,0.5830903790087468,3.45,,1.4492753623188355,2.7,140242.0
2016-08-05,2.0348837209302277,3.51,,0.8547008547008619,2.63,233051.0
2016-08-08,2.8409090909090935,3.62,,1.933701657458559,2.6,321138.0
2016-08-09,-4.432132963988911,3.45,,5.217391304347817,2.58,173161.0
2016-08-10,-1.7441860465116297,3.38,,2.6627218934911334,2.65,87671.0
2016-08-11,-0.8902077151335385,3.34,,3.892215568862286,2.74,205359.0
2016-08-12,0.30030030030029387,3.34,,0.8982035928143787,2.69,166943.0
2016-08-15,-2.3952095808383254,3.26,,4.907975460122705,2.73,260347.0
2016-08-16,-2.187500000000009,3.13,,4.153354632587856,2.7,483406.0
2016-08-17,0.0,3.12,,1.9230769230769247,2.72,175920.0
2016-08-18,-0.9646302250803797,3.08,,0.9740259740259676,2.75,180798.0
2016-08-19,0.0,3.08,,0.9740259740259676,2.71,332666.0
2016-08-22,0.32679738562090804,3.07,,0.6514657980456032,2.68,97953.0
2016-08-23,-1.6393442622950762,3.0,,3.333333333333336,2.76,370472.0
2016-08-24,0.6666666666666672,3.02,,2.3178807947019817,2.72,311924.0
2016-08-25,1.342281879194632,3.02,,0.6622516556291397,2.69,708718.0
2016-08-26,0.0,3.04,,1.9736842105263175,3.57,291636.0
2016-08-29,1.328903654485051,3.05,,1.3114754098360668,3.7,161349.0
2016-08-30,4.0000000000000036,3.12,,1.9230769230769247,3.57,228710.0
2016-08-31,-3.525641025641036,3.01,,3.9867109634551534,3.69,171917.0
2016-09-01,0.33333333333332626,3.01,,1.328903654485051,3.63,237919.0
2016-09-02,0.0,2.99,,1.3377926421404545,3.71,291458.0
2016-09-06,1.6835016835016776,3.02,,0.6622516556291397,3.6,325040.0
2016-09-07,-0.3322259136212554,3.0,,2.0000000000000018,3.85,343490.0
2016-09-08,0.0,2.96,,1.689189189189183,3.9,192342.0
2016-09-09,-1.6949152542372972,2.9,,2.758620689655175,3.89,348445.0
2016-09-12,1.7241379310344922,2.95,,0.3389830508474504,3.8,261439.0
2016-09-13,-1.736111111111105,2.83,,3.886925795052999,3.7,667501.0
2016-09-14,-6.825938566552907,2.73,,7.326007326007332,3.7,501556.0
2016-09-15,0.0,2.72,,1.102941176470581,3.8,307197.0
2016-09-16,-1.0989010989010917,2.7,,2.2222222222222077,3.55,584320.0
2016-09-19,-2.2304832713754665,2.63,,3.802281368821296,3.65,212838.0
2016-09-20,-1.886792452830182,2.6,,3.4615384615384563,3.55,317137.0
2016-09-21,0.3891050583657678,2.58,,3.8759689922480653,3.6,487871.0
2016-09-22,1.1450381679389239,2.65,,1.1320754716981227,3.5,321654.0
2016-09-23,2.621722846441958,2.74,,1.4598540145985253,3.6,378492.0
2016-09-26,-1.8248175182481847,2.69,,3.345724907063192,3.7,390589.0
2016-09-27,1.865671641791038,2.73,,0.36630036630037477,3.8,139887.0
2016-09-28,-2.173913043478247,2.7,,2.962962962962949,3.65,228962.0
2016-09-29,1.1152416356877417,2.72,,1.8382352941176405,3.8,407166.0
2016-09-30,1.102941176470581,2.75,,1.090909090909084,3.95,509947.0
2016-10-03,-1.0948905109489142,2.71,,2.214022140221404,4.1,223833.0
2016-10-04,-0.7407407407407414,2.68,,1.865671641791038,4.1,464542.0
2016-10-05,3.3707865168539275,2.76,,0.724637681159421,4.1,893859.0
2016-10-06,-0.3663003663003585,2.72,,3.676470588235281,4.3,136226.0
2016-10-07,-0.7380073800738014,2.69,,2.6022304832713696,4.4,327619.0
2016-10-10,18.999999999999993,3.57,,3.081232492997208,4.3,5638345.0
2016-10-11,1.9283746556473909,3.7,,1.8918918918918874,4.35,2967534.0
2016-10-12,-4.289544235924937,3.57,,12.044817927170874,4.3,997542.0
2016-10-13,3.9436619718309895,3.69,,5.149051490514904,4.25,1234243.0
2016-10-14,-2.680965147453086,3.63,,3.5812672176308515,4.1,717840.0
2016-10-17,3.342618384401117,3.71,,1.078167115902966,4.15,241408.0
2016-10-18,-3.2258064516129057,3.6,,5.833333333333332,4.15,332034.0
2016-10-19,7.242339832869088,3.85,,1.0389610389610398,4.05,569270.0
2016-10-20,1.8276762402088733,3.9,,4.102564102564095,3.75,1543358.0
2016-10-21,1.0389610389610398,3.89,,4.11311053984575,3.8,446020.0
2016-10-24,-3.797468354430389,3.8,,6.315789473684216,3.75,261032.0
2016-10-25,-1.3333333333333286,3.7,,2.7027027027026933,3.75,355211.0
2016-10-26,1.3698630136986376,3.7,,4.054054054054052,4.2,512109.0
2016-10-27,1.3333333333333286,3.8,,2.631578947368424,4.25,665814.0
2016-10-28,-2.739726027397263,3.55,,9.859154929577468,4.15,593587.0
2016-10-31,1.388888888888884,3.65,,0.8219178082191849,4.15,450068.0
2016-11-01,-1.3888888888888962,3.55,,2.8169014084507067,4.15,429617.0
2016-11-02,2.85714285714286,3.6,,1.388888888888884,4.05,338573.0
2016-11-03,-4.109589041095888,3.5,,4.285714285714283,4.05,225023.0
2016-11-04,4.347826086956519,3.6,,4.999999999999992,4.25,521505.0
2016-11-07,1.3698630136986376,3.7,,2.7027027027026933,4.1,337768.0
2016-11-08,4.109589041095888,3.8,,1.3157894736842175,4.05,345224.0
2016-11-09,-2.6666666666666687,3.65,,4.109589041095888,4.0,648820.0
2016-11-10,5.555555555555548,3.8,,0.0,4.0,400974.0
2016-11-11,5.3333333333333375,3.95,,0.759493670886071,3.95,464795.0
2016-11-14,3.797468354430366,4.1,,2.4390243902439157,3.75,571808.0
2016-11-15,1.2345679012345634,4.1,,0.0,3.8,313105.0
2016-11-16,1.2345679012345634,4.1,,0.0,3.75,208533.0
2016-11-17,3.614457831325288,4.3,,2.32558139534885,3.95,556965.0
2016-11-18,2.32558139534885,4.4,,2.2727272727272645,4.1,425948.0
2016-11-21,-1.1494252873563178,4.3,,2.32558139534885,4.08,243960.0
2016-11-22,-3.333333333333341,4.35,,3.4482758620689737,4.0,267331.0
2016-11-23,0.0,4.3,,1.1627906976744147,4.0,295005.0
2016-11-25,-1.1627906976744147,4.25,,2.35294117647058,4.25,143777.0
2016-11-28,-2.380952380952394,4.1,,4.87804878048781,4.1,604077.0
2016-11-29,2.469135802469149,4.15,,2.4096385542168584,4.1,242364.0
2016-11-30,1.2195121951219685,4.15,,2.4096385542168584,4.3,180415.0
2016-12-01,-1.219512195121947,4.05,,4.938271604938276,4.2,247126.0
2016-12-02,-6.25,3.75,,7.999999999999995,4.2,474320.0
2016-12-05,1.3333333333333286,3.8,,2.631578947368424,4.15,358428.0
2016-12-06,-2.5974025974025996,3.75,,3.9999999999999973,4.3,437759.0
2016-12-07,1.3513513513513467,3.75,,3.9999999999999973,4.25,436524.0
2016-12-08,12.000000000000005,4.2,,1.1904761904761862,4.45,350904.0
2016-12-09,2.4096385542168584,4.25,,1.17647058823529,4.4,448767.0
2016-12-12,-1.1904761904761862,4.15,,3.614457831325288,4.3,317105.0
2016-12-13,-1.1904761904761862,4.15,,2.4096385542168584,4.35,126867.0
2016-12-14,0.0,4.15,,1.6867469879517927,4.3,141536.0
2016-12-15,-1.219512195121947,4.05,,2.469135802469149,4.35,175712.0
2016-12-16,-1.219512195121947,4.05,,3.7037037037037126,4.35,426966.0
2016-12-19,2.4096385542168584,4.25,,0.0,4.4,324982.0
2016-12-20,-3.5294117647058907,4.1,,4.87804878048781,4.55,337698.0
2016-12-21,0.0,4.05,,1.2345679012345634,4.4,321320.0
2016-12-22,0.0,4.0,,0.0,4.3,121122.0
2016-12-23,0.0,4.0,,0.0,4.7,180650.0
2016-12-27,0.0,3.95,,2.531645569620244,4.9,209753.0
2016-12-28,-5.06329113924051,3.75,,5.3333333333333375,4.9,330280.0
2016-12-29,1.3333333333333286,3.8,,1.3157894736842175,4.85,227325.0
2016-12-30,-1.315789473684206,3.75,,3.4666666666666637,4.85,357729.0
2017-01-03,3.947368421052641,3.95,,0.759493670886071,4.85,242128.0
2017-01-04,2.499999999999991,4.1,,1.2195121951219685,4.75,280406.0
2017-01-05,0.7407407407407469,4.08,,1.715686274509811,4.75,156335.0
2017-01-06,-2.439024390243894,4.0,,2.499999999999991,4.9,268679.0
2017-01-09,1.265822784810122,4.0,,1.2499999999999956,4.85,298604.0
2017-01-10,2.4096385542168584,4.25,,1.6470588235294186,4.75,395101.0
2017-01-11,-3.5294117647058907,4.1,,4.87804878048781,4.65,306339.0
2017-01-12,0.0,4.1,,1.2195121951219685,4.75,179371.0
2017-01-13,3.614457831325288,4.3,,0.4651162790697782,4.8,349535.0
2017-01-17,0.0,4.2,,1.1904761904761862,4.7,508359.0
2017-01-18,0.0,4.2,,1.1904761904761862,4.65,230961.0
2017-01-19,0.0,4.15,,1.2048192771084292,4.5,162912.0
2017-01-20,3.614457831325288,4.3,,1.1627906976744147,4.4,262577.0
2017-01-23,-1.1627906976744147,4.25,,2.35294117647058,4.3,225225.0
2017-01-24,4.70588235294118,4.45,,0.0,4.35,457506.0
2017-01-25,-1.1235955056179736,4.4,,2.2727272727272645,4.1,260664.0
2017-01-26,-3.37078651685394,4.3,,3.4883720930232642,4.2,108179.0
2017-01-27,1.1627906976744147,4.35,,1.1494252873563382,4.2,104786.0
2017-01-30,-1.1494252873563178,4.3,,2.32558139534885,4.1,188737.0
2017-01-31,2.35294117647058,4.35,,0.6896551724137989,4.3,133626.0
2017-02-01,0.0,4.35,,1.1494252873563382,4.55,145018.0
2017-02-02,1.1494252873563382,4.4,,0.0,4.6,120082.0
2017-02-03,3.409090909090897,4.55,,1.098901098901095,4.7,393833.0
2017-02-06,-2.2222222222222143,4.4,,4.545454545454529,4.55,234358.0
2017-02-07,-2.2727272727272845,4.3,,5.581395348837215,4.3,741546.0
2017-02-08,0.0,4.7,,2.5531914893617045,4.4,1964762.0
2017-02-09,5.376344086021505,4.9,,2.0408163265306047,4.4,863492.0
2017-02-10,2.0833333333333446,4.9,,2.0408163265306047,4.4,445561.0
2017-02-13,0.0,4.85,,2.0618556701031037,4.3,472932.0
2017-02-14,0.0,4.85,,2.0618556701031037,4.45,596115.0
2017-02-15,0.0,4.85,,1.0309278350515612,4.3,440954.0
2017-02-16,0.0,4.75,,2.1052631578947296,4.35,521693.0
2017-02-17,0.0,4.75,,2.1052631578947296,4.35,445432.0
2017-02-21,4.255319148936174,4.9,,0.0,4.45,469955.0
2017-02-22,1.041666666666663,4.85,,1.0309278350515612,4.35,377765.0
2017-02-23,-1.041666666666663,4.75,,2.1052631578947296,4.5,490174.0
2017-02-24,0.0,4.65,,2.1505376344085945,4.4,409161.0
2017-02-27,3.2608695652173996,4.75,,1.0526315789473648,4.35,913019.0
2017-02-28,2.1276595744680775,4.8,,2.0833333333333446,4.3,684655.0
2017-03-01,-3.0927835051546286,4.7,,3.1914893617021165,4.25,415592.0
2017-03-02,0.0,4.65,,1.5053763440860084,4.35,385392.0
2017-03-03,-3.2258064516129106,4.5,,4.444444444444448,4.35,307483.0
2017-03-06,0.0,4.4,,1.1363636363636322,4.4,228744.0
2017-03-07,-1.1494252873563178,4.3,,4.1860465116279215,4.35,224312.0
2017-03-08,1.1627906976744147,4.35,,2.5287356321839156,4.4,292240.0
2017-03-09,-4.651162790697678,4.1,,7.3170731707317245,4.38,382535.0
2017-03-10,2.4390243902439157,4.2,,2.3809523809523725,4.5,456398.0
2017-03-13,0.0,4.2,,2.3809523809523725,4.5,258427.0
2017-03-14,-2.380952380952394,4.1,,3.6585365853658622,4.5,239229.0
2017-03-15,3.614457831325288,4.3,,1.1627906976744147,4.45,187595.0
2017-03-16,5.813953488372093,4.55,,1.098901098901095,4.55,312126.0
2017-03-17,2.2222222222222143,4.6,,1.086956521739146,4.8,544588.0
2017-03-20,3.2967032967033045,4.7,,0.0,4.7,365551.0
2017-03-21,-3.191489361702135,4.55,,5.4945054945054945,4.6,246391.0
2017-03-22,-5.4945054945054945,4.3,,5.813953488372093,4.65,295755.0
2017-03-23,2.32558139534885,4.4,,0.0,4.75,128542.0
2017-03-24,0.0,4.4,,3.409090909090897,4.85,152310.0
2017-03-27,1.1494252873563382,4.4,,1.1363636363636322,5.15,78244.0
2017-03-28,-2.2727272727272845,4.3,,3.4883720930232642,5.3,99776.0
2017-03-29,4.70588235294118,4.45,,1.1235955056179736,5.4,223612.0
2017-03-30,-3.37078651685394,4.3,,3.4883720930232642,5.4,162788.0
2017-03-31,2.35294117647058,4.35,,2.298850574712656,5.5,369330.0
2017-04-03,0.0,4.35,,1.1494252873563382,5.4,271431.0
2017-04-04,2.298850574712656,4.45,,2.2471910112359472,5.25,197591.0
2017-04-05,-2.2471910112359668,4.35,,3.9080459770114926,5.25,197037.0
2017-04-06,3.4482758620689737,4.5,,0.0,5.35,339236.0
2017-04-07,-2.2222222222222143,4.4,,2.2727272727272645,5.35,200307.0
2017-04-10,0.0,4.35,,2.298850574712656,5.3,130769.0
2017-04-11,-1.1494252873563178,4.3,,3.4883720930232642,5.2,243744.0
2017-04-12,-1.1627906976744147,4.25,,2.35294117647058,5.2,136446.0
2017-04-13,2.35294117647058,4.35,,1.1494252873563382,5.3,154595.0
2017-04-17,0.0,4.35,,1.1494252873563382,5.25,118781.0
2017-04-18,1.1494252873563382,4.4,,0.0,5.4,158212.0
2017-04-19,-1.1363636363636525,4.35,,2.298850574712656,5.45,177538.0
2017-04-20,0.0,4.4,,0.0,5.45,99780.0
2017-04-21,0.6896551724137989,4.38,,1.5981735159817416,5.5,186697.0
2017-04-24,1.1235955056179736,4.5,,1.1111111111111072,5.6,360658.0
2017-04-25,-1.098901098901095,4.5,,5.555555555555555,5.55,521182.0
2017-04-26,0.0,4.5,,1.999999999999997,5.6,327354.0
2017-04-27,-1.1111111111111072,4.45,,2.2471910112359472,5.3,245837.0
2017-04-28,-4.210526315789478,4.55,,6.5934065934065895,5.95,1187311.0
2017-05-01,4.347826086956526,4.8,,2.0833333333333446,6.25,1480709.0
2017-05-02,1.0752688172042972,4.7,,3.1914893617021165,6.3,565808.0
2017-05-03,0.0,4.6,,4.347826086956526,6.35,500743.0
2017-05-04,1.086956521739146,4.65,,1.0752688172042972,6.2,261794.0
2017-05-05,2.1505376344085945,4.75,,2.1052631578947296,6.4,635729.0
2017-05-08,2.1052631578947296,4.85,,4.12371134020619,6.35,1066284.0
2017-05-09,5.10204081632653,5.15,,2.524271844660192,6.4,1712930.0
2017-05-10,4.9504950495049505,5.3,,1.8867924528301987,6.55,755177.0
2017-05-11,1.8867924528301987,5.4,,0.0,6.6,573752.0
2017-05-12,2.857142857142864,5.4,,1.8518518518518452,6.3,703646.0
2017-05-15,0.9174311926605472,5.5,,1.818181818181812,6.15,463801.0
2017-05-16,-2.7027027027026933,5.4,,3.7037037037036904,6.15,619534.0
2017-05-17,-0.943396226415091,5.25,,3.809523809523813,6.0,513636.0
2017-05-18,0.9615384615384581,5.25,,2.857142857142864,6.05,315483.0
2017-05-19,0.943396226415091,5.35,,0.9345794392523498,5.85,293710.0
2017-05-22,1.904761904761898,5.35,,0.9345794392523498,5.95,231505.0
2017-05-23,0.0,5.3,,2.264150943396228,5.75,495374.0
2017-05-24,-0.952380952380949,5.2,,3.8461538461538494,5.9,1083033.0
2017-05-25,0.9708737864077635,5.2,,1.9230769230769162,5.95,1184701.0
2017-05-26,1.9230769230769162,5.3,,6.60377358490567,6.0,1340963.0
2017-05-30,-0.943396226415091,5.25,,1.904761904761898,6.0,954535.0
2017-05-31,1.8867924528301987,5.4,,0.0,6.05,432852.0
2017-06-01,0.0,5.45,,1.8348623853210944,6.05,454401.0
2017-06-02,0.0,5.45,,1.8348623853210944,6.05,262032.0
2017-06-05,1.8518518518518452,5.5,,1.818181818181812,6.1,497161.0
2017-06-06,1.818181818181812,5.6,,1.7857142857142954,6.25,522541.0
2017-06-07,-1.7699115044247882,5.55,,2.3423423423423406,6.25,232293.0
2017-06-08,1.818181818181812,5.6,,0.0,6.25,309382.0
2017-06-09,-5.357142857142854,5.3,,6.226415094339624,5.95,693845.0
2017-06-12,10.185185185185182,5.95,,0.0,5.65,2291960.0
2017-06-13,5.042016806722685,6.25,,1.5999999999999945,5.5,1931647.0
2017-06-14,0.0,6.3,,3.968253968253968,5.55,1723131.0
2017-06-15,1.5999999999999945,6.35,,0.7874015748031609,4.45,1460354.0
2017-06-16,-0.7999999999999973,6.2,,4.838709677419352,4.52,4478343.0
2017-06-19,1.5873015873015959,6.4,,0.31249999999999334,4.55,1245882.0
2017-06-20,-1.5503875968992331,6.35,,2.362204724409455,4.55,849468.0
2017-06-21,0.7874015748031609,6.4,,0.7812499999999972,4.35,439419.0
2017-06-22,1.5503875968992191,6.55,,0.0,4.4,891081.0
2017-06-23,0.0,6.6,,2.7272727272727364,4.32,1721655.0
2017-06-26,-4.545454545454543,6.3,,7.142857142857145,4.1,699026.0
2017-06-27,-2.3809523809523725,6.15,,4.878048780487801,4.05,918364.0
2017-06-28,0.0,6.15,,2.4390243902438935,3.9,589090.0
2017-06-29,-2.439024390243908,6.0,,3.333333333333336,3.95,534459.0
2017-06-30,0.8333333333333304,6.05,,0.0,3.9,576191.0
2017-07-03,-3.305785123966945,5.85,,3.4188034188034218,3.9,253685.0
2017-07-05,2.5862068965517304,5.95,,0.0,3.95,418228.0
2017-07-06,-1.7094017094017033,5.75,,2.6086956521739193,3.9,340011.0
2017-07-07,2.6086956521739193,5.9,,0.8474576271186409,3.9,358708.0
2017-07-10,0.8474576271186409,5.95,,1.680672268907557,3.85,717583.0
2017-07-11,0.0,6.0,,4.166666666666666,3.85,963478.0
2017-07-12,-2.439024390243908,6.0,,3.333333333333336,3.9,1015536.0
2017-07-13,0.8333333333333304,6.05,,0.8264462809917326,3.9,610906.0
2017-07-14,0.0,6.05,,1.6528925619834798,3.8,419604.0
2017-07-14,,,5.2517826529426355,,,
2017-07-15,,,5.2702872349474195,,,
2017-07-16,,,5.340878861982761,,,
2017-07-17,,,5.332547978803211,,,
2017-07-18,,,5.23093892585838,,,
2017-07-19,,,5.1977967386956765,,,
2017-07-20,,,5.023136925233138,,,
2017-07-21,,,5.401822406380421,,,
2017-07-22,,,5.587997119928366,,,
2017-07-23,,,5.45395785040099,,,
2017-07-24,,,4.343846826531024,,,
2017-07-25,,,5.5376470847056805,,,
2017-07-26,,,5.767083820193304,,,
2017-07-27,,,5.913864534299447,,,
2017-07-28,,,5.788132938636137,,,
2017-07-29,,,5.7076788636428155,,,
2017-07-30,,,6.2063872648615,,,
2017-07-31,,,5.8141143872237855,,,
2017-08-01,,,5.785203695796964,,,
2017-08-02,,,5.674377417208379,,,
2017-08-03,,,5.461143974724491,,,
2017-08-04,,,5.640121236315002,,,
2017-08-05,,,5.520967781378561,,,
2017-08-06,,,5.4920093618446595,,,
2017-08-07,,,5.601857759652184,,,
2017-08-08,,,5.5044602080348985,,,
2017-08-09,,,5.686444405101033,,,
2017-08-10,,,5.461058131922432,,,
2017-08-11,,,5.540376272198921,,,
2017-08-12,,,5.683308839706449,,,
2017-08-12,,,5.2517826529426355,,,
2017-08-13,,,5.2702872349474195,,,
2017-08-14,,,5.340878861982761,,,
2017-08-15,,,5.332547978803211,,,
2017-08-16,,,5.23093892585838,,,
2017-08-17,,,5.1977967386956765,,,
2017-08-18,,,5.023136925233138,,,
2017-08-19,,,5.401822406380421,,,
2017-08-20,,,5.587997119928366,,,
2017-08-21,,,5.45395785040099,,,
2017-08-22,,,4.343846826531024,,,
2017-08-23,,,5.5376470847056805,,,
2017-08-24,,,5.767083820193304,,,
2017-08-25,,,5.913864534299447,,,
2017-08-26,,,5.788132938636137,,,
2017-08-27,,,5.7076788636428155,,,
2017-08-28,,,6.2063872648615,,,
2017-08-29,,,5.8141143872237855,,,
2017-08-30,,,5.785203695796964,,,
2017-08-31,,,5.674377417208379,,,
2017-09-01,,,5.461143974724491,,,
2017-09-02,,,5.640121236315002,,,
2017-09-03,,,5.520967781378561,,,
2017-09-04,,,5.4920093618446595,,,
2017-09-05,,,5.601857759652184,,,
2017-09-06,,,5.5044602080348985,,,
2017-09-07,,,5.686444405101033,,,
2017-09-08,,,5.461058131922432,,,
2017-09-09,,,5.540376272198921,,,
2017-09-10,,,5.683308839706449,,,
